tf	pick	reason	rep_at_pick	n_assign_at_pick	n_assign_strict
ADNP		too few assignments			
AEBP2		too few assignments			
AGO1	50.0		0.8823463865990242	9940.0	643.0
AGO2	300.0	peak below floor	0.4018690569361537	4896.0	2052.0
AHR	50.0		0.7873385963535362	20988.0	954.0
AR	100.0		0.8049444357062844	37873.0	12704.0
ARHGAP35	500.0		0.80373724233914	103.0	103.0
ARID1A	50.0		0.6833997161546829	24996.0	1064.0
ARID1B		too few assignments			
ARID2	50.0		0.8114659953421007	19104.0	1774.0
ARID3A	500.0		1.0	216.0	216.0
ARID3B		too few assignments			
ARID4B	400.0		0.8086036967512608	5946.0	4052.0
ARNT	400.0		0.8171290816380924	3342.0	2614.0
ASCL1	200.0		0.7515622612516918	22904.0	11654.0
ASCL2		too few assignments			
ASH1L	300.0		0.840781416737089	995.0	709.0
ASH2L	50.0		0.7235010401346362	7007.0	220.0
ASXL1	100.0		0.6604765829242231	13381.0	4550.0
ASXL3	400.0		0.9601419204943434	126.0	96.0
ATF1	500.0		0.8897927746521332	4564.0	4564.0
ATF2	50.0		0.7311477524581299	10752.0	1637.0
ATF3	50.0		0.7532690113405286	12385.0	2055.0
ATF4	200.0		0.77315117718592	9424.0	2349.0
ATF6	300.0		0.8858198326426434	246.0	77.0
ATF7	500.0		0.7989979628393192	2652.0	2652.0
ATR		too few assignments			
ATRX	50.0		0.6758018190443165	10893.0	56.0
BACH1	50.0		0.5528497430177632	6392.0	228.0
BACH2	200.0		0.6305380964845702	596.0	172.0
BANF1	300.0		0.7650766241066043	256.0	26.0
BANP	500.0		0.8411633223581041	2018.0	2018.0
BAP1	200.0		0.9413385193577634	1327.0	210.0
BATF	50.0		0.8255617131256222	12026.0	1013.0
BATF3	400.0		1.0	951.0	651.0
BCL11A	50.0		0.569806823126594	2400.0	360.0
BCL11B	100.0		0.7809166604182998	18170.0	6896.0
BCL6	50.0		0.7464857347158302	23447.0	2916.0
BCLAF1	250.0		0.8283095642586132	959.0	467.0
BCOR	500.0		0.7698606679225456	14060.0	14060.0
BHLHE40	500.0		0.7024742389788564	5994.0	5994.0
BMAL1	500.0		0.8431370411501673	3398.0	3398.0
BMI1	500.0		0.7702764976958525	4642.0	4642.0
BPTF		too few assignments			
BRCA1	100.0		0.633367291894188	11401.0	2905.0
BRCA2	200.0	peak below floor	0.3091834859977428	810.0	453.0
BRD4	200.0		0.750553337474184	44597.0	20340.0
BRD7	50.0		0.6494789335008999	18922.0	214.0
BRF1	500.0		0.9332724894283715	45.0	45.0
BRF2		too few assignments			
C17orf49		too few assignments			
CAMTA2		too few assignments			
CARM1	100.0		0.744539507844386	2122.0	28.0
CASZ1		too few assignments			
CBFB	50.0		0.6958880030623048	16036.0	2838.0
CBX1	50.0		0.7980973775635201	4335.0	64.0
CBX2	50.0		0.7482831751161382	748.0	20.0
CBX4		too few assignments			
CCNT1	500.0		0.789398791832314	38.0	38.0
CDC45		too few assignments			
CDK9	200.0		0.8094224581413045	23377.0	13187.0
CDT1		too few assignments			
CDX2	500.0		0.7498814063383751	52.0	52.0
CEBPA	300.0		0.7926937643044137	8336.0	5538.0
CEBPB	200.0		0.7964764878060108	13884.0	5931.0
CEBPD	400.0		0.9336931306558981	2578.0	1946.0
CEBPG	250.0		0.8479478594037955	2090.0	973.0
CHD1	300.0		0.8044350831936279	2678.0	942.0
CHD2	500.0		0.8933223170981857	4173.0	4173.0
CHD4	150.0		0.6187083527476661	1166.0	57.0
CHD6	400.0		0.9104137940048228	1198.0	931.0
CHD7	50.0	peak below floor	0.19030368040560852	10802.0	372.0
CHD8	400.0		0.7117286879538165	3345.0	2197.0
CIITA	500.0	peak below floor	0.0	48.0	48.0
CLOCK	150.0	peak below floor	0.4923203677924896	1351.0	282.0
CPSF4	300.0		0.8131949405415865	324.0	46.0
CREB1	500.0		0.9306515698247383	11457.0	11457.0
CREB3		too few assignments			
CREB5	400.0		0.7498426109250829	69.0	49.0
CREBBP	150.0		0.7998698314239254	20929.0	2876.0
CREM	50.0		0.8474758933414704	7418.0	3159.0
CTCF	500.0		0.8113830244402023	35276.0	35276.0
CTCFL	50.0		0.8752077390837227	10658.0	3454.0
CUX1	500.0		0.9544529373776044	735.0	735.0
CXXC1	50.0		0.5234852184987441	16007.0	4394.0
CXXC5	300.0		0.9367221533046765	7720.0	3897.0
DDIT3	50.0		0.7129309741493739	13323.0	1137.0
DDX11		too few assignments			
DDX20	500.0		0.9080513474044286	723.0	723.0
DEAF1		too few assignments			
DEK		too few assignments			
DLX5	50.0	peak below floor	0.19460987477341357	3736.0	143.0
DLX6	500.0		0.6424137058551943	136.0	136.0
DMC1	150.0	peak below floor	0.4670751718564209	3413.0	34.0
DNMT1		too few assignments			
DNMT3A	150.0		0.729036867218993	270.0	61.0
DNMT3B	250.0	peak below floor	0.3307397745129449	425.0	83.0
DOT1L	500.0		0.6950209710941626	557.0	557.0
DPF1		too few assignments			
DUX4	150.0		0.8992124102818597	857.0	322.0
E2F1	100.0		0.7754760603445068	27463.0	14515.0
E2F3	300.0		0.9300778929849388	3693.0	1180.0
E2F4	500.0		0.8786564536409659	4905.0	4905.0
E2F5	300.0		0.821492097538007	1424.0	593.0
E2F6	150.0		0.6549794535086443	9950.0	3273.0
E2F7	500.0		0.9198304062574243	50.0	50.0
E2F8	500.0		0.8967306109179577	749.0	749.0
E4F1	500.0		0.9250781576798722	1256.0	1256.0
EBF1	50.0		0.768435993632082	19079.0	5878.0
EBF3	500.0		0.7392093554148744	1260.0	1260.0
EGR1	200.0		0.8655399907519901	18925.0	8809.0
EGR2		too few assignments			
EHF	500.0		1.0	308.0	308.0
EHMT2	400.0		0.7972733028677718	372.0	275.0
ELF1	400.0		0.7881597885241822	10529.0	9172.0
ELF2	500.0		0.935882570060292	492.0	492.0
ELF3	50.0		0.7647314820541223	13568.0	1191.0
ELF4	500.0		0.7615973218555715	1550.0	1550.0
ELK1	200.0		0.8662207551679828	3356.0	1096.0
ELK4	200.0		0.6754568507692044	2047.0	476.0
ELL2	500.0		0.7368402837350181	397.0	397.0
EN1		too few assignments			
EOMES	150.0	peak below floor	0.2854814493672603	2963.0	375.0
EP300	100.0		0.7033323643058024	44740.0	14191.0
EP400	500.0		0.8286361024480812	1618.0	1618.0
EPAS1	500.0		0.8277266997606858	206.0	206.0
ERCC6		too few assignments			
ERF	100.0		0.9372213737961038	13760.0	407.0
ERG	500.0		0.8934121580122593	12328.0	12328.0
ESR1	200.0		0.7732067814024323	38321.0	20569.0
ESR2	200.0		0.8368742293560361	1056.0	461.0
ESRRA	500.0		0.9022693052303534	1323.0	1323.0
ESRRG	100.0		0.7219235046997496	3517.0	432.0
ETS1	300.0		0.8349145085883993	9249.0	5490.0
ETV1	50.0		0.7037737433588969	8278.0	820.0
ETV4	150.0		0.8853512429798531	4960.0	567.0
ETV5	50.0		0.7682708193462111	9354.0	628.0
ETV6	500.0		0.8771627814488322	10166.0	10166.0
EZH2	50.0		0.6966723203186429	35614.0	2189.0
FLI1	150.0		0.7435047604005179	22744.0	12711.0
FOS	50.0		0.7135548865123503	21542.0	3382.0
FOSL1	50.0		0.6146333667491568	14401.0	1282.0
FOSL2	150.0		0.8530714932135064	11092.0	1882.0
FOXA1	150.0		0.7075168044660337	30621.0	9744.0
FOXA2	500.0		0.7109286626510848	3631.0	3631.0
FOXA3	500.0	peak below floor	0.0	800.0	800.0
FOXB1		too few assignments			
FOXC1	500.0		0.7408856047917057	545.0	545.0
FOXF1	250.0		0.7427040503892923	230.0	73.0
FOXJ3	500.0		0.6467173631527745	51.0	51.0
FOXK1	400.0		0.9630434514753147	2608.0	1687.0
FOXK2	50.0		0.7222200000424122	8007.0	1053.0
FOXL2	50.0		0.7154302950909733	9766.0	2130.0
FOXM1	50.0		0.6948577939757316	12191.0	908.0
FOXN3	500.0		0.8635741652983032	50.0	50.0
FOXO1	100.0		0.7323125658739429	18559.0	3404.0
FOXO3		too few assignments			
FOXO4		too few assignments			
FOXP1	250.0		0.8248112040244402	14438.0	7920.0
FOXP3		too few assignments			
FUS		too few assignments			
GABPA	500.0		0.9323289784391204	9345.0	9345.0
GABPB1	500.0		0.8747171870613263	5783.0	5783.0
GATA1	100.0		0.8071455640676344	36137.0	8371.0
GATA2	50.0		0.6625454193130507	23469.0	3375.0
GATA3	50.0		0.7068858621481514	26395.0	3987.0
GATA4	50.0		0.6444591235940201	15402.0	2192.0
GATA6	50.0		0.8212779888020921	7941.0	871.0
GATAD1	500.0		0.8944563137383617	4655.0	4655.0
GATAD2A	50.0		0.7989550104527713	9679.0	243.0
GATAD2B	50.0		0.6065747396738017	10120.0	50.0
GFI1	200.0		0.6812439363104051	2792.0	283.0
GFI1B	500.0		0.7773941555662014	511.0	511.0
GLI1		too few assignments			
GLI2		too few assignments			
GLI4		too few assignments			
GLYR1	500.0		0.721977163949055	112.0	112.0
GMEB1	400.0		0.9125573579370395	5660.0	4592.0
GRHL2	500.0		0.8955130238618609	1633.0	1633.0
GTF2B	500.0		0.8302532194155523	1990.0	1990.0
GTF2F1	50.0		0.7204818760739325	18968.0	1360.0
GTF2I	400.0		0.7564367694934043	545.0	410.0
GTF3C1	300.0		0.7653470517013361	5998.0	2027.0
GTF3C2	500.0		0.883218876225266	788.0	788.0
HAND1	400.0		0.8025104675703403	792.0	577.0
HAND2	500.0		0.9270521879539699	124.0	124.0
HBP1	250.0		0.7199464586497445	370.0	60.0
HDAC1	500.0		0.8261488759775716	7611.0	7611.0
HDAC2	200.0		0.6516348284623312	14478.0	1393.0
HDAC3	500.0		0.5713783220427306	590.0	590.0
HDAC4		too few assignments			
HDAC6	500.0		0.7416245003207018	132.0	132.0
HDGF		too few assignments			
HES1	400.0		0.8517179964825784	27.0	20.0
HES2	200.0		0.9284690271605067	157.0	44.0
HEY1	500.0		0.7675923252355851	9643.0	9643.0
HHEX	400.0		0.8146278480890169	2501.0	1387.0
HIC1	500.0		0.9323808915876068	253.0	253.0
HIC2	200.0		0.5915936270775575	1018.0	141.0
HIF1A	500.0		0.9139331788051955	2050.0	2050.0
HINFP	500.0		0.9444462133634757	430.0	430.0
HIVEP1	50.0		0.7099853015855015	10735.0	285.0
HMBOX1	200.0		0.8749772260960026	1252.0	307.0
HMG20A	400.0		1.0	180.0	101.0
HMG20B	500.0		0.771061167082867	70.0	70.0
HMGA1	50.0		0.8638979638058185	354.0	70.0
HMGA2		too few assignments			
HMGB1	400.0		0.9313224415151551	3528.0	2526.0
HMGB2		too few assignments			
HMGN2		too few assignments			
HMGXB4	200.0		0.8850473905207618	1705.0	113.0
HNF1A	50.0		0.8177288450999675	2083.0	219.0
HNF1B	100.0		0.713637856983065	15756.0	2734.0
HNF4A	50.0		0.7741296592042849	15282.0	3170.0
HNF4G	500.0		0.8845757440763228	799.0	799.0
HNRNPA2B1		too few assignments			
HNRNPK	150.0		0.7896604696567731	5567.0	578.0
HNRNPL	500.0		0.9412930232842688	120.0	120.0
HOMEZ		too few assignments			
HOXA13		too few assignments			
HOXA9		too few assignments			
HOXB13	100.0		0.7052808758414182	18199.0	1446.0
HOXB7		too few assignments			
HSF1	50.0		0.7675428020007089	20787.0	1705.0
HSF2	250.0		0.9378672713672761	328.0	157.0
IKZF1	100.0		0.5531091426087104	21077.0	4021.0
IKZF2	50.0		0.7594354443422865	20535.0	6010.0
INO80		too few assignments			
IRF1	50.0		0.7360245255637694	12281.0	3678.0
IRF2	200.0		0.8570295851405674	4750.0	657.0
IRF3	100.0		0.8420441332401257	2108.0	412.0
IRF4	50.0		0.7042439690579603	23514.0	1084.0
IRF5	500.0		0.9737573820075232	270.0	270.0
IRF8		too few assignments			
IRF9	400.0		0.8591216239030905	1118.0	529.0
ISL1	50.0	peak below floor	0.3525930348661485	5376.0	203.0
JARID2	250.0		0.6643352623702313	3775.0	1197.0
JMJD1C	50.0		0.7287646652231939	8479.0	678.0
JUN	400.0		0.8660252086885866	20932.0	17440.0
JUNB	400.0		0.6673027312935293	1520.0	1155.0
JUND	500.0		0.7790220641304811	3976.0	3976.0
KAT2B	500.0		0.7538963972724471	90.0	90.0
KAT6A		too few assignments			
KAT7		too few assignments			
KDM2A	500.0	peak below floor	0.0	4877.0	4877.0
KDM2B	500.0		0.7720760446622692	11308.0	11308.0
KDM3A	50.0		0.9370515826716209	4557.0	72.0
KDM3B		too few assignments			
KDM5A	300.0		0.7818800972140006	8535.0	4312.0
KDM5B	50.0		0.7623592623208952	38151.0	9717.0
KDM5C	500.0		0.8175579852692255	55.0	55.0
KDM6A	100.0		0.7795285376194171	20190.0	5409.0
KDM6B		too few assignments			
KHSRP	250.0		0.88135476868522	338.0	120.0
KLF1	150.0		0.6439713072159744	13137.0	3906.0
KLF10	50.0		0.6896921248835658	6179.0	902.0
KLF11	500.0		0.8218885741096108	4471.0	4471.0
KLF13	500.0		1.0	147.0	147.0
KLF16	50.0		0.6632501846316627	7768.0	301.0
KLF17	500.0		0.8211393052777931	664.0	664.0
KLF4	50.0		0.7275815339639771	26029.0	2031.0
KLF5	100.0		0.7602997698246993	17960.0	4433.0
KLF6	50.0	peak below floor	0.344544976976665	8505.0	107.0
KLF9	50.0		0.5077631206960819	7472.0	1569.0
KMT2A	500.0		0.8388317799721238	9946.0	9946.0
KMT2B	400.0		0.7600480239628966	8261.0	6190.0
KMT2C	50.0		0.8385923222594094	15806.0	1562.0
KMT2D	400.0		0.6459158355119065	3239.0	2304.0
LCOR	300.0		0.9392862449547296	1635.0	377.0
LCORL		too few assignments			
LDB1	50.0		0.6088202825019828	9029.0	556.0
LEF1	100.0		0.598179904720684	7424.0	290.0
LIG4		too few assignments			
LMNB1		too few assignments			
LYL1	500.0		0.8183617550951093	790.0	790.0
MAF	500.0		0.7345162176120594	87.0	87.0
MAF1	200.0		0.5541815550596145	338.0	44.0
MAFB	500.0		0.7928007720657755	3564.0	3564.0
MAFF	50.0		0.6612049427826654	1867.0	450.0
MAFG	400.0		0.8996376082142138	350.0	283.0
MAFK	500.0		0.824495251113866	1035.0	1035.0
MAPK1		too few assignments			
MAU2	300.0		0.6135373374243979	502.0	119.0
MAX	250.0		0.8015717891672718	31380.0	19043.0
MAZ	150.0		0.8034978650184285	24249.0	7398.0
MBD1		too few assignments			
MBD2	400.0		0.8400584022570039	623.0	400.0
MBD3	50.0		0.7098181211277468	8520.0	69.0
MBD5	100.0		0.8208784770484753	5851.0	367.0
MBD6	500.0	peak below floor	0.0	294.0	294.0
MCM2	300.0		0.6009777590065084	809.0	263.0
MCM3	250.0		0.7417815188234206	1560.0	49.0
MCM5		too few assignments			
MCM7	50.0		0.7701197200739227	8727.0	690.0
MECOM	500.0		0.8983076583499625	10523.0	10523.0
MECP2	500.0		0.8039383693931473	143.0	143.0
MED1	250.0		0.8231246536867152	18047.0	8349.0
MED12	400.0		0.9029713338729769	10754.0	9735.0
MEF2A	500.0		1.0	232.0	232.0
MEF2B	500.0		0.8304895376656182	1518.0	1518.0
MEF2C	50.0		0.7568748122336676	11494.0	701.0
MEF2D	50.0		0.7538129433859766	7070.0	212.0
MEIS1	150.0		0.6857560779044173	4346.0	229.0
MEIS2	50.0	peak below floor	0.4702822575848404	11518.0	146.0
MEN1	400.0		0.8947951205239894	69.0	50.0
MGA	250.0		0.6946775882915008	2850.0	827.0
MITF	500.0		0.8356194520340867	6781.0	6781.0
MKI67		too few assignments			
MLLT3		too few assignments			
MLX	500.0		0.955507277685989	119.0	119.0
MLXIP	400.0		0.8697613770695606	164.0	111.0
MNT	100.0		0.8245033208230055	15731.0	3728.0
MRE11		too few assignments			
MSX2		too few assignments			
MTA1	500.0		0.9217861397162054	543.0	543.0
MTA2	50.0		0.6708630459664259	10333.0	867.0
MTA3	400.0		0.6093267214060684	1106.0	648.0
MTF1		too few assignments			
MTF2	500.0		0.6996671477638049	498.0	498.0
MTOR	300.0		0.730638138314052	2756.0	1287.0
MXD1	50.0		0.6866432690431501	12154.0	568.0
MXD4	500.0	peak below floor	0.0	508.0	508.0
MXI1	300.0		0.942683350999189	1515.0	630.0
MYB	200.0		0.858492629188727	13694.0	6692.0
MYBBP1A	300.0		0.9623992762695154	1985.0	1211.0
MYBL2	50.0		0.6895304033182066	12924.0	1514.0
MYC	400.0		0.8026901585901023	22042.0	18189.0
MYCN	200.0		0.8107785802594091	26859.0	12006.0
MYNN	500.0		0.9099415548035859	89.0	89.0
MYOD1	400.0		0.8446508604494903	4704.0	3770.0
MYOG	500.0	peak below floor	0.0	54.0	54.0
MYRF	500.0	peak below floor	0.0	53.0	53.0
NANOG	300.0		0.8070579275600529	7471.0	3154.0
NBN	500.0		0.7662843622180263	266.0	266.0
NCOA1	500.0		0.7717097339095513	787.0	787.0
NCOA2	500.0		0.9134477433268452	220.0	220.0
NCOR1	50.0		0.6749942866062016	7443.0	481.0
NCOR2	400.0		0.9021213001525701	356.0	231.0
NEUROD1	250.0		0.7758853451540623	13932.0	8450.0
NFATC1	50.0	peak below floor	0.48010467455725925	9672.0	873.0
NFATC2	500.0		0.9165624362825207	137.0	137.0
NFATC3	200.0		0.8758537390189083	99.0	23.0
NFE2	250.0		0.9894932637071092	5574.0	2073.0
NFE2L1	50.0		0.5156547755980745	290.0	29.0
NFE2L2	300.0		0.5036827286449914	3377.0	2078.0
NFIB	500.0		0.8341683634910924	364.0	364.0
NFIC	500.0	peak below floor	0.0	2407.0	2407.0
NFKB1	500.0		0.9169652170588781	748.0	748.0
NFKB2	50.0		0.8002370497910064	18388.0	1873.0
NFKBIZ		too few assignments			
NFRKB	400.0		0.6989004018560148	277.0	158.0
NFXL1		too few assignments			
NFYA	400.0		0.9617475245936176	4928.0	4181.0
NFYB	500.0		0.9276080445659078	4356.0	4356.0
NKRF		too few assignments			
NKX2-1	150.0		0.9695451997789418	3609.0	337.0
NKX2-5	500.0		1.0	103.0	103.0
NKX3-1	400.0		0.7706116303964441	226.0	143.0
NONO	500.0		0.9166545240640643	7340.0	7340.0
NOTCH1	250.0		0.8904130058930706	2245.0	773.0
NPM1	250.0		0.6893786348203882	13185.0	9915.0
NR1D1	500.0		0.7248896247240618	44.0	44.0
NR1H2	500.0		0.9563262086155284	345.0	345.0
NR1H3	50.0		0.7661034647426022	8103.0	288.0
NR2C1	500.0		0.9301417104631285	1845.0	1845.0
NR2C2	500.0		0.9204818014167413	4580.0	4580.0
NR2F1	500.0		0.9263559054948912	2094.0	2094.0
NR2F2	100.0		0.7079414115024091	9885.0	657.0
NR2F6	50.0		0.6823913405954148	3552.0	445.0
NR3C1	100.0		0.7804935908306125	30434.0	5470.0
NR4A1	400.0		0.7751238962898936	360.0	215.0
NR4A2		too few assignments			
NR4A3		too few assignments			
NR5A1		too few assignments			
NR5A2	50.0	peak below floor	0.25223283246410433	3279.0	329.0
NRF1	500.0		0.8698508323262387	8374.0	8374.0
NSD2		too few assignments			
OGT	500.0		0.9661568072047396	3423.0	3423.0
OLIG2	150.0		0.7017521070408174	10777.0	2303.0
ONECUT1	500.0		0.8511829699937612	1275.0	1275.0
ONECUT2	250.0	peak below floor	0.43589024906624396	2749.0	1521.0
ORC1	100.0	peak below floor	0.3726029967689083	419.0	45.0
OTX2	100.0		0.7354623826391562	8072.0	773.0
OVOL2		too few assignments			
PARP1		too few assignments			
PATZ1	400.0		0.8588854796542637	1406.0	854.0
PAX5	150.0		0.9296250526998604	18137.0	5943.0
PAX6		too few assignments			
PAX8	50.0		0.7414656583980742	5930.0	140.0
PBRM1	500.0		0.9657231735107853	2579.0	2579.0
PBX1	500.0		0.7326743574365595	2686.0	2686.0
PBX2	400.0		0.9813151055075716	976.0	900.0
PBX3	500.0		0.9469516039394784	946.0	946.0
PCBP1	250.0		0.9647917374176959	1639.0	243.0
PCBP2		too few assignments			
PCGF2	500.0		0.7994367330516998	308.0	308.0
PDS5B	200.0		0.8172833133269696	675.0	69.0
PDX1	150.0		0.7061020857937268	1100.0	224.0
PGR	150.0		0.6505888139086332	18661.0	3412.0
PHC1	50.0		0.8651995994214412	282.0	23.0
PHF19		too few assignments			
PHF20	500.0		0.9162195346507749	2963.0	2963.0
PHF21A	200.0		0.8985886371559323	6676.0	780.0
PHF6	150.0		0.6704804579751776	4289.0	739.0
PHOX2B	300.0		0.6425528347122534	244.0	113.0
PIAS1	400.0		0.8624722679995444	653.0	376.0
PKNOX1	500.0		0.938731934850004	2736.0	2736.0
PML	50.0		0.7793912038407678	10844.0	872.0
POLR2C	500.0		0.9628604736728091	12471.0	12471.0
POLR3C	500.0		1.0	71.0	71.0
POU2AF1	400.0		0.9758842201699605	1919.0	1284.0
POU2AF2	100.0		0.8327995486624136	3964.0	704.0
POU2F1	50.0		0.5059819300361342	16116.0	3361.0
POU2F2	50.0		0.7281162642715723	16780.0	2680.0
POU2F3	50.0		0.788270180339663	9548.0	1623.0
POU3F2		too few assignments			
POU5F1	50.0		0.7652073562747079	10661.0	237.0
PPARA	50.0		0.8691766968545621	2884.0	199.0
PPARG	500.0		0.7100873599848869	1183.0	1183.0
PPP1R10	500.0		0.666420291574276	81.0	81.0
PRDM1	500.0		0.7741450782771835	405.0	405.0
PRDM10	500.0		0.9612028359039506	591.0	591.0
PRDM15	150.0		0.9635196502250625	2303.0	572.0
PRDM2		too few assignments			
PRDM4	500.0		0.5993094692229702	189.0	189.0
PRKDC	500.0		0.9435403072909109	437.0	437.0
PRMT1	100.0		0.7580890972360234	4681.0	21.0
PRMT5		too few assignments			
PROX1	50.0	peak below floor	0.3913535284206607	4365.0	34.0
PRRX1	50.0		0.6884174992022959	9966.0	206.0
PSIP1	300.0		1.0	185.0	20.0
PTBP1		too few assignments			
PTF1A	500.0		1.0	85.0	85.0
QKI		too few assignments			
RAD21	150.0		0.7573923593716553	35003.0	14215.0
RAD51	400.0		0.821341020111239	1421.0	1202.0
RAG1		too few assignments			
RARA	50.0		0.771627763875144	6257.0	709.0
RARB		too few assignments			
RB1	50.0		0.7715986945935596	14053.0	469.0
RBAK	500.0		0.8499644303381854	26.0	26.0
RBBP4	400.0		1.0	1594.0	904.0
RBBP5	500.0		0.8802761526257096	1578.0	1578.0
RBBP8		too few assignments			
RBL2	400.0		0.8890704868955471	1093.0	902.0
RBPJ	400.0		0.7959423611460866	6666.0	4840.0
REL	100.0		0.7051356928857789	9641.0	765.0
RELA	100.0		0.8075666936638867	30543.0	10019.0
RELB	150.0		0.7686545735666493	1301.0	275.0
REST	50.0		0.6866449677909031	25286.0	3849.0
RFX1	500.0		0.970295659937795	1901.0	1901.0
RFX3	400.0		0.9617518790300553	1059.0	955.0
RFX5	500.0		0.7789515312874647	1045.0	1045.0
RPA2		too few assignments			
RREB1	500.0		0.9400736817968487	263.0	263.0
RTF1		too few assignments			
RUNX1	50.0		0.8172943438807798	41282.0	15926.0
RUNX1T1	50.0		0.8125913167442422	18014.0	2929.0
RUNX2	500.0		0.8945176308756251	7022.0	7022.0
RUNX3	400.0		0.9134143227904976	1331.0	922.0
RUVBL2	400.0		0.8203841208217117	7763.0	5557.0
RXRA	200.0		0.8292991857739324	13502.0	3637.0
RYBP	300.0		0.9225834961030563	699.0	155.0
SAFB2	100.0	peak below floor	0.3654886456776434	5965.0	20.0
SALL2		too few assignments			
SALL4	50.0		0.7088216396471981	2058.0	39.0
SAMD1		too few assignments			
SAP30	500.0		0.812412016299613	2461.0	2461.0
SATB1	300.0		0.8330486620449445	187.0	61.0
SETDB1	200.0		0.7463411914451856	378.0	49.0
SFPQ	50.0		0.8628469279734708	20077.0	1685.0
SIN3A	400.0		0.8059529592153614	5253.0	3366.0
SIRT1	400.0	peak below floor	0.4840315542396233	73.0	50.0
SIRT3		too few assignments			
SIRT6	500.0		0.8332953319044796	25.0	25.0
SIX1		too few assignments			
SIX2	400.0		0.7131907488044525	602.0	400.0
SIX4	500.0		0.9786771304982167	141.0	141.0
SIX5	150.0		0.8656689262229381	4366.0	2261.0
SKI	50.0		0.6255211548414569	6753.0	292.0
SKIL	100.0		0.7851550527861382	7147.0	282.0
SMAD1	50.0		0.7183898619777587	15657.0	1284.0
SMAD2	50.0		0.528253372973594	12488.0	1392.0
SMAD3	300.0		0.8737701186892236	7880.0	1138.0
SMAD4	50.0		0.7694867453740375	20169.0	1856.0
SMAD5	400.0		0.8575566596208923	5986.0	4536.0
SMARCA2	500.0		0.7042589728156639	602.0	602.0
SMARCA4	50.0		0.7142112280617009	59567.0	4434.0
SMARCA5	400.0		0.9207534790333085	414.0	195.0
SMARCB1	400.0		0.6623441634071765	332.0	208.0
SMARCC1	50.0		0.6753167278635569	29116.0	4081.0
SMARCC2	500.0		0.8010905749106312	1059.0	1059.0
SMARCE1	50.0	peak below floor	0.24234093791991407	3393.0	94.0
SMC1A	500.0		0.8346844825898072	10934.0	10934.0
SMC1B		too few assignments			
SMC2		too few assignments			
SMC3	50.0		0.6930199589373142	20686.0	4469.0
SMYD3		too few assignments			
SNAI1		too few assignments			
SNAI2	500.0		0.8838949480704645	4488.0	4488.0
SNAPC4	500.0		0.8666034167138	52.0	52.0
SOX1		too few assignments			
SOX10	100.0		0.572597913198822	7647.0	524.0
SOX13	500.0		1.0	875.0	875.0
SOX17	150.0		0.5903904202722858	2622.0	329.0
SOX2	50.0		0.7145467120476748	15818.0	591.0
SOX6	100.0		0.9093847853567514	3406.0	128.0
SOX9	250.0		0.9038321995961952	2338.0	791.0
SP1	500.0		0.788112873859162	8901.0	8901.0
SP2	250.0		0.7857779633190293	5518.0	3672.0
SPDEF	400.0		0.8796928421245086	280.0	168.0
SPI1	400.0		0.9278644122206394	15171.0	12504.0
SREBF1	500.0		0.8564435353086517	260.0	260.0
SREBF2	300.0		0.8917548870839186	10291.0	5567.0
SRF	50.0		0.7499712760339197	17815.0	3436.0
SSRP1	200.0		0.5562385849218556	844.0	91.0
STAT1	50.0		0.7365120770318699	27105.0	7965.0
STAT2	50.0		0.8329314610277656	11484.0	1213.0
STAT3	500.0		0.9103712218293172	7244.0	7244.0
STAT4	50.0		0.568754669497857	680.0	134.0
STAT5A	500.0		0.9071912859248109	3198.0	3198.0
STAT5B	400.0		0.7459796561710527	535.0	408.0
STAT6		too few assignments			
SUPT6H	150.0		0.5880086808880282	1609.0	170.0
SUV39H1		too few assignments			
SUZ12	400.0		0.7684031285234545	5931.0	4277.0
TAF1	300.0		0.8370995441370764	19887.0	13560.0
TAF15	250.0		0.8753426935716507	129.0	44.0
TAF2		too few assignments			
TAF7	50.0		0.8363032302479996	2186.0	88.0
TAL1	50.0	peak below floor	0.489221718161535	13913.0	4413.0
TARDBP	50.0		0.7327507501625606	11292.0	573.0
TBL1XR1	50.0		0.5130277675290132	4940.0	337.0
TBP	250.0		0.7724401066460644	15910.0	8438.0
TBX2	250.0		0.8509858387035809	7539.0	2133.0
TBX21	200.0		0.9380162253141577	2163.0	239.0
TBX3	500.0		0.9410829941679311	174.0	174.0
TBX5	50.0		0.7243824545159426	754.0	71.0
TBXT	100.0		0.5971532209926994	775.0	80.0
TCF12	50.0		0.5370888340398978	19662.0	5989.0
TCF21	500.0		0.991750114604727	1226.0	1226.0
TCF3	50.0	peak below floor	0.38164662221018175	13871.0	2638.0
TCF4	150.0		0.7241341039823848	9327.0	2251.0
TCF7	500.0		0.8312320926838821	3292.0	3292.0
TCF7L1	50.0		0.9401051750286585	354.0	53.0
TCF7L2	100.0		0.87693776207583	18424.0	3785.0
TEAD1	150.0		0.8373641554901526	4295.0	704.0
TEAD2	400.0		0.8822917633749968	57.0	39.0
TEAD4	100.0		0.7167997193574736	15303.0	1787.0
TERF1		too few assignments			
TET1	50.0		0.5597788078300541	19668.0	3914.0
TET2	50.0		0.5786996545988227	25036.0	1125.0
TET3		too few assignments			
TFAM		too few assignments			
TFAP2A	400.0		0.7570145483814148	12114.0	9770.0
TFAP2C	300.0		0.9085948093644253	7300.0	4036.0
TFAP4	150.0		0.8981300157341261	14975.0	4194.0
TFCP2		too few assignments			
TFDP1	250.0		0.9724439524322211	1044.0	224.0
TFE3	500.0		0.7277949497395575	1157.0	1157.0
TFEB	150.0		0.5928729577864814	7237.0	2275.0
THAP11	500.0		0.9044978888179868	4905.0	4905.0
THRA	150.0		0.9446695311647963	8340.0	621.0
THRB		too few assignments			
TLX3	50.0		0.8849237693422574	5179.0	176.0
TOP1		too few assignments			
TOP2A		too few assignments			
TOP2B	50.0		0.6357799341511815	10109.0	151.0
TP53	50.0		0.6223824244936258	21943.0	3717.0
TP53BP1	300.0		0.6044733008135856	12773.0	10935.0
TP63	500.0		0.6098712073590163	1891.0	1891.0
TP73	400.0		0.671494016963379	358.0	284.0
TRIM24	500.0		0.7241202190169042	1017.0	1017.0
TRIM28	200.0		0.801423860192315	6779.0	622.0
TRPS1	50.0		0.55822295697292	8195.0	175.0
TSHZ1		too few assignments			
TWIST1	250.0		0.7806118489172212	4972.0	1612.0
UBTF	500.0		0.6044090918215594	728.0	728.0
USF1	50.0		0.8708041781234211	13864.0	4251.0
USF2	400.0		0.913035851654958	4216.0	3631.0
VDR	50.0		0.5894295508521457	8816.0	539.0
VEZF1		too few assignments			
WDHD1		too few assignments			
WDR77	150.0		0.7793462592989867	6105.0	957.0
WRN		too few assignments			
WT1	500.0		0.8808690395861448	230.0	230.0
XBP1	500.0		0.8598358785940418	1242.0	1242.0
XRCC4	250.0		0.940924496197972	596.0	405.0
XRCC5	400.0		0.9927633775567706	280.0	152.0
XRCC6	50.0		0.7674022104688405	4683.0	42.0
XRN2	500.0		0.8168360111948209	142.0	142.0
YAP1	400.0		0.7981662127402064	1921.0	1351.0
YBX1		too few assignments			
YY1	500.0		0.8012402217639512	9848.0	9848.0
YY2	50.0		0.6471511585382224	2381.0	232.0
ZBED1	400.0		0.6389950386067834	86.0	67.0
ZBTB1		too few assignments			
ZBTB10	50.0		0.6147200743739442	4605.0	309.0
ZBTB11	500.0		0.9434475800523775	2001.0	2001.0
ZBTB12	400.0		0.7588922788823788	1189.0	911.0
ZBTB16		too few assignments			
ZBTB17	500.0		0.7873765837164921	1351.0	1351.0
ZBTB21	500.0		0.9395835386685858	751.0	751.0
ZBTB26	300.0		0.913723186130323	13830.0	11216.0
ZBTB3		too few assignments			
ZBTB33	400.0		0.8145486991640838	3200.0	2390.0
ZBTB4		too few assignments			
ZBTB40	500.0		0.9194690649448576	3259.0	3259.0
ZBTB44	500.0	peak below floor	0.0	136.0	136.0
ZBTB48	50.0		0.7562175975764805	15367.0	963.0
ZBTB49	500.0	peak below floor	0.499881434460618	26.0	26.0
ZBTB5	500.0		0.9311627595571536	131.0	131.0
ZBTB7A	150.0		0.7682567781592488	23936.0	7576.0
ZBTB7B	300.0		0.7502558675533316	818.0	161.0
ZBTB8A	500.0		0.7989895620777124	1928.0	1928.0
ZBTB9	400.0		0.7692937909641266	484.0	341.0
ZC3H8		too few assignments			
ZEB1	50.0		0.7528813662015861	11612.0	1442.0
ZEB2	500.0		0.8848554264737482	692.0	692.0
ZFP1		too few assignments			
ZFP3	400.0		0.7428558499180408	313.0	216.0
ZFP30		too few assignments			
ZFP36	300.0		0.9141106796221381	760.0	466.0
ZFP37	500.0	peak below floor	0.0	53.0	53.0
ZFP41		too few assignments			
ZFP64	50.0		0.8765593188107987	2995.0	527.0
ZFX	500.0		0.8394703245778591	9354.0	9354.0
ZFY	400.0		0.8465931307103693	8599.0	7145.0
ZHX1		too few assignments			
ZHX2	400.0		0.8421489389117722	4661.0	3598.0
ZHX3	500.0		0.7915507242410142	24.0	24.0
ZIC2	250.0		0.8441854583025573	6504.0	2570.0
ZIC5	250.0		0.9156615206377521	550.0	215.0
ZIK1	50.0		0.7785453131998207	6346.0	53.0
ZKSCAN1	500.0		0.710226791669352	176.0	176.0
ZKSCAN8	500.0		0.7672104931244631	86.0	86.0
ZMYM3	50.0		0.6560568139809344	11453.0	627.0
ZMYND11		too few assignments			
ZNF10	400.0		0.8427113138583098	184.0	121.0
ZNF101		too few assignments			
ZNF114		too few assignments			
ZNF12	500.0		0.8040243868055834	92.0	92.0
ZNF121	300.0		0.8823156796809958	223.0	88.0
ZNF133		too few assignments			
ZNF138	200.0	peak below floor	0.37203970573415296	517.0	28.0
ZNF140		too few assignments			
ZNF143	50.0		0.8506514582330751	16537.0	5897.0
ZNF175	500.0	peak below floor	0.0	75.0	75.0
ZNF184	500.0		0.5309568772086575	224.0	224.0
ZNF207		too few assignments			
ZNF217	50.0		0.865605496096431	13679.0	1959.0
ZNF221	400.0		0.8492647656278487	113.0	62.0
ZNF23		too few assignments			
ZNF239	500.0	peak below floor	0.0	29.0	29.0
ZNF24	500.0		0.8312379968817423	327.0	327.0
ZNF263	500.0		0.761346893815584	2660.0	2660.0
ZNF264	500.0		0.7367196716281896	38.0	38.0
ZNF274	100.0		0.6821296877722169	11198.0	190.0
ZNF280B	500.0		0.7849534755429597	154.0	154.0
ZNF280D	50.0		0.6141256498471295	2753.0	216.0
ZNF281	200.0		0.9069107972087393	842.0	194.0
ZNF3		too few assignments			
ZNF302		too few assignments			
ZNF311		too few assignments			
ZNF316	500.0	peak below floor	0.0	1127.0	1127.0
ZNF324		too few assignments			
ZNF331	250.0		0.9316977839749303	2483.0	301.0
ZNF34	300.0		0.9888779361863095	108.0	74.0
ZNF341	500.0		0.9819905921493958	2835.0	2835.0
ZNF350	400.0		0.8017652598453093	1567.0	733.0
ZNF354B		too few assignments			
ZNF354C		too few assignments			
ZNF362	500.0		0.7570532976634302	211.0	211.0
ZNF366	500.0		0.7258048349744106	821.0	821.0
ZNF382	400.0		1.0	397.0	176.0
ZNF384	250.0	peak below floor	0.4695083517763287	8767.0	3497.0
ZNF398		too few assignments			
ZNF407	200.0		0.8751853160330355	934.0	708.0
ZNF410		too few assignments			
ZNF414	50.0		0.6806001451443477	8796.0	62.0
ZNF416		too few assignments			
ZNF444	500.0		0.8696006697231325	634.0	634.0
ZNF449	500.0	peak below floor	0.0	374.0	374.0
ZNF48	250.0		0.6246139196612817	356.0	83.0
ZNF501	200.0		0.6723909455754736	2210.0	41.0
ZNF507	500.0	peak below floor	0.0	313.0	313.0
ZNF510	250.0	peak below floor	0.3116212453209167	140.0	21.0
ZNF512	500.0		0.8774828746559431	49.0	49.0
ZNF512B		too few assignments			
ZNF524		too few assignments			
ZNF530		too few assignments			
ZNF532		too few assignments			
ZNF547	500.0		0.8602586961895531	162.0	162.0
ZNF548	500.0	peak below floor	0.0	88.0	88.0
ZNF549	500.0	peak below floor	0.0	34.0	34.0
ZNF558		too few assignments			
ZNF561		too few assignments			
ZNF574	500.0		0.762354350619524	511.0	511.0
ZNF577	50.0	peak below floor	0.41238574309589765	199.0	41.0
ZNF580	50.0		0.6402680638483922	11095.0	175.0
ZNF589	500.0		0.8822735050441944	74.0	74.0
ZNF592	500.0		0.8512405843140086	209.0	209.0
ZNF593		too few assignments			
ZNF624		too few assignments			
ZNF629	500.0		0.808768579343751	1379.0	1379.0
ZNF639	50.0		0.6060406302974113	10905.0	2319.0
ZNF644	200.0		0.6935796898410179	1200.0	162.0
ZNF660	300.0		0.8565805304179526	430.0	85.0
ZNF687	500.0		0.7582288351612281	10816.0	10816.0
ZNF697	400.0		0.7776723511738453	322.0	228.0
ZNF7	50.0		0.7167258276974497	5798.0	176.0
ZNF707		too few assignments			
ZNF711	500.0		0.7818063892309804	4469.0	4469.0
ZNF740	400.0		0.7591027895751994	313.0	205.0
ZNF76	200.0		0.8024882100518133	2139.0	1193.0
ZNF766	50.0	peak below floor	0.49380839814655986	7944.0	93.0
ZNF768	200.0		0.5941355758037602	1432.0	454.0
ZNF770	50.0		0.545313384219025	10898.0	938.0
ZNF777	500.0		0.8008604991939103	1041.0	1041.0
ZNF778		too few assignments			
ZNF785		too few assignments			
ZNF792	500.0		0.8083673550217876	82.0	82.0
ZNF8	400.0		0.8749498294200281	44.0	25.0
ZNF800	400.0		0.7944484628860927	122.0	66.0
ZNF83	50.0		0.5165356859554943	8497.0	346.0
ZSCAN18		too few assignments			
ZSCAN20	500.0		0.8048501041618908	329.0	329.0
ZSCAN29	400.0		0.8544765539856907	635.0	474.0
ZSCAN30		too few assignments			
ZSCAN4	400.0		0.9191916436091382	460.0	388.0
ZSCAN5A		too few assignments			
ZSCAN5B		too few assignments			
ZZZ3	100.0		0.8395695779537327	5164.0	267.0
